[
    {
        "pk": 1,
        "model": "sites.site",
        "fields": {
            "domain": "litheblas.org",
            "name": "LiTHe Bl\u00e5s"
        }
    },
    {
        "pk": 1,
        "model": "menus.cachekey",
        "fields": {
            "key": "menu_cache_menu_nodes_sv_1",
            "site": 1,
            "language": "sv"
        }
    },
    {
        "pk": 2,
        "model": "menus.cachekey",
        "fields": {
            "key": "menu_cache_menu_nodes_sv_1_1_user",
            "site": 1,
            "language": "sv"
        }
    },
    {
        "pk": 143,
        "model": "djangocms_link.link",
        "fields": {
            "mailto": "",
            "target": "_blank",
            "url": "http://www.liu.se/",
            "page_link": null,
            "phone": "",
            "name": "Link\u00f6pings universitet"
        }
    },
    {
        "pk": 115,
        "model": "djangocms_picture.picture",
        "fields": {
            "url": "",
            "image": "cms_page_media/20/44491_420371413732_7511033_n.jpg",
            "float": "right",
            "page_link": null,
            "alt": "",
            "longdesc": ""
        }
    },
    {
        "pk": 120,
        "model": "djangocms_picture.picture",
        "fields": {
            "url": "",
            "image": "cms_page_media/20/44491_420371413732_7511033_n.jpg",
            "float": "right",
            "page_link": null,
            "alt": "",
            "longdesc": ""
        }
    },
    {
        "pk": 138,
        "model": "blasstrap.carousel",
        "fields": {
            "pause": "hover",
            "interval": 5000,
            "arrows": true,
            "controls": true,
            "wrap": true,
            "indicators": true,
            "extra_css_classes": "carousel-fade"
        }
    },
    {
        "pk": 140,
        "model": "blasstrap.carousel",
        "fields": {
            "pause": "hover",
            "interval": 5000,
            "arrows": true,
            "controls": true,
            "wrap": true,
            "indicators": true,
            "extra_css_classes": ""
        }
    },
    {
        "pk": 148,
        "model": "blasstrap.carousel",
        "fields": {
            "pause": "hover",
            "interval": 5000,
            "arrows": true,
            "controls": true,
            "wrap": true,
            "indicators": true,
            "extra_css_classes": ""
        }
    },
    {
        "pk": 1,
        "model": "blasstrap.carouselentry",
        "fields": {
            "priority": 0,
            "caption": "Bl\u00e4",
            "image": "carousel-imgs/58fbf63d-fcb7-11e3-b80e-542696dae887.jpg",
            "caption_heading": "Hej",
            "carousel": 138
        }
    },
    {
        "pk": 2,
        "model": "blasstrap.carouselentry",
        "fields": {
            "priority": 1,
            "caption": "...bild",
            "image": "carousel-imgs/5904cbeb-fcb7-11e3-98fa-542696dae887.jpg",
            "caption_heading": "En till",
            "carousel": 138
        }
    },
    {
        "pk": 3,
        "model": "blasstrap.carouselentry",
        "fields": {
            "priority": 0,
            "caption": "En bild.",
            "image": "carousel-imgs/0063613a-fcb8-11e3-83e8-542696dae887.jpg",
            "caption_heading": "1",
            "carousel": 140
        }
    },
    {
        "pk": 4,
        "model": "blasstrap.carouselentry",
        "fields": {
            "priority": 1,
            "caption": "En gammal bild.",
            "image": "carousel-imgs/006f7b97-fcb8-11e3-9fc3-542696dae887.jpg",
            "caption_heading": "2",
            "carousel": 140
        }
    },
    {
        "pk": 5,
        "model": "blasstrap.carouselentry",
        "fields": {
            "priority": 2,
            "caption": "En till gammal bild.",
            "image": "carousel-imgs/00713426-fcb8-11e3-a3d1-542696dae887.jpg",
            "caption_heading": "3",
            "carousel": 140
        }
    },
    {
        "pk": 6,
        "model": "blasstrap.carouselentry",
        "fields": {
            "priority": 0,
            "caption": "En bild.",
            "image": "carousel-imgs/0063613a-fcb8-11e3-83e8-542696dae887.jpg",
            "caption_heading": "1",
            "carousel": 140
        }
    },
    {
        "pk": 7,
        "model": "blasstrap.carouselentry",
        "fields": {
            "priority": 1,
            "caption": "En gammal bild.",
            "image": "carousel-imgs/006f7b97-fcb8-11e3-9fc3-542696dae887.jpg",
            "caption_heading": "2",
            "carousel": 140
        }
    },
    {
        "pk": 8,
        "model": "blasstrap.carouselentry",
        "fields": {
            "priority": 2,
            "caption": "En till gammal bild.",
            "image": "carousel-imgs/00713426-fcb8-11e3-a3d1-542696dae887.jpg",
            "caption_heading": "3",
            "carousel": 140
        }
    },
    {
        "pk": 9,
        "model": "blasstrap.carouselentry",
        "fields": {
            "priority": 0,
            "caption": "En bild.",
            "image": "carousel-imgs/0063613a-fcb8-11e3-83e8-542696dae887.jpg",
            "caption_heading": "1",
            "carousel": 148
        }
    },
    {
        "pk": 10,
        "model": "blasstrap.carouselentry",
        "fields": {
            "priority": 0,
            "caption": "En bild.",
            "image": "carousel-imgs/0063613a-fcb8-11e3-83e8-542696dae887.jpg",
            "caption_heading": "1",
            "carousel": 148
        }
    },
    {
        "pk": 11,
        "model": "blasstrap.carouselentry",
        "fields": {
            "priority": 1,
            "caption": "En gammal bild.",
            "image": "carousel-imgs/006f7b97-fcb8-11e3-9fc3-542696dae887.jpg",
            "caption_heading": "2",
            "carousel": 148
        }
    },
    {
        "pk": 12,
        "model": "blasstrap.carouselentry",
        "fields": {
            "priority": 1,
            "caption": "En gammal bild.",
            "image": "carousel-imgs/006f7b97-fcb8-11e3-9fc3-542696dae887.jpg",
            "caption_heading": "2",
            "carousel": 148
        }
    },
    {
        "pk": 13,
        "model": "blasstrap.carouselentry",
        "fields": {
            "priority": 2,
            "caption": "En till gammal bild.",
            "image": "carousel-imgs/00713426-fcb8-11e3-a3d1-542696dae887.jpg",
            "caption_heading": "3",
            "carousel": 148
        }
    },
    {
        "pk": 14,
        "model": "blasstrap.carouselentry",
        "fields": {
            "priority": 2,
            "caption": "En till gammal bild.",
            "image": "carousel-imgs/00713426-fcb8-11e3-a3d1-542696dae887.jpg",
            "caption_heading": "3",
            "carousel": 148
        }
    },
    {
        "pk": 141,
        "model": "blasstrap.jumbotron",
        "fields": {
            "content": 130,
            "extra_css_classes": "",
            "container": true
        }
    },
    {
        "pk": 149,
        "model": "blasstrap.jumbotron",
        "fields": {
            "content": 130,
            "extra_css_classes": "",
            "container": true
        }
    },
    {
        "pk": 1,
        "model": "blasbasen.avatar",
        "fields": {
            "picture": "avatars/74e1f940-b6a3-11e3-a6df-542696dae887.jpg",
            "primary": false,
            "person": 1
        }
    },
    {
        "pk": 2,
        "model": "blasbasen.avatar",
        "fields": {
            "picture": "avatars/2c2ee29e-bb29-11e3-a5bb-542696dae887.jpg",
            "primary": false,
            "person": 1
        }
    },
    {
        "pk": 3,
        "model": "blasbasen.avatar",
        "fields": {
            "picture": "avatars/2c32e5cc-bb29-11e3-bfeb-542696dae887.jpg",
            "primary": false,
            "person": 1
        }
    },
    {
        "pk": 4,
        "model": "blasbasen.avatar",
        "fields": {
            "picture": "avatars/bild_2_2.JPG",
            "primary": true,
            "person": 1
        }
    },
    {
        "pk": 1,
        "model": "blasbasen.user",
        "fields": {
            "username": "ovid",
            "person": 1,
            "is_active": true,
            "is_superuser": true,
            "is_staff": true,
            "last_login": "2014-06-28T15:08:11.521Z",
            "groups": [],
            "user_permissions": [],
            "is_admin": true,
            "password": "pbkdf2_sha256$12000$yDLkvF94bIDt$18pUBAZ8XJanAKwdBRQIu7+/eszFeh+Lj+vuW74L7jE="
        }
    },
    {
        "pk": 1,
        "model": "blasbasen.section",
        "fields": {
            "permissions": [],
            "name": "Trumpet",
            "description": ""
        }
    },
    {
        "pk": 2,
        "model": "blasbasen.section",
        "fields": {
            "permissions": [],
            "name": "Basun",
            "description": ""
        }
    },
    {
        "pk": 3,
        "model": "blasbasen.section",
        "fields": {
            "permissions": [],
            "name": "Styrelsen",
            "description": ""
        }
    },
    {
        "pk": 4,
        "model": "blasbasen.section",
        "fields": {
            "permissions": [],
            "name": "Funktion\u00e4rer",
            "description": ""
        }
    },
    {
        "pk": 5,
        "model": "blasbasen.section",
        "fields": {
            "permissions": [],
            "name": "Kompet",
            "description": ""
        }
    },
    {
        "pk": 6,
        "model": "blasbasen.section",
        "fields": {
            "permissions": [],
            "name": "Bl\u00e5syran",
            "description": ""
        }
    },
    {
        "pk": 8,
        "model": "blasbasen.section",
        "fields": {
            "permissions": [],
            "name": "LiTHe Gr\u00e5s",
            "description": ""
        }
    },
    {
        "pk": 9,
        "model": "blasbasen.section",
        "fields": {
            "permissions": [],
            "name": "Fl\u00f6jt",
            "description": ""
        }
    },
    {
        "pk": 10,
        "model": "blasbasen.section",
        "fields": {
            "permissions": [],
            "name": "Klarinett",
            "description": ""
        }
    },
    {
        "pk": 11,
        "model": "blasbasen.section",
        "fields": {
            "permissions": [],
            "name": "Saxsekten",
            "description": ""
        }
    },
    {
        "pk": 12,
        "model": "blasbasen.section",
        "fields": {
            "permissions": [],
            "name": "Horn",
            "description": ""
        }
    },
    {
        "pk": 13,
        "model": "blasbasen.section",
        "fields": {
            "permissions": [],
            "name": "\u00d6vriga",
            "description": ""
        }
    },
    {
        "pk": 14,
        "model": "blasbasen.section",
        "fields": {
            "permissions": [],
            "name": "Baren Baren",
            "description": ""
        }
    },
    {
        "pk": 15,
        "model": "blasbasen.section",
        "fields": {
            "permissions": [],
            "name": "AB Svinresor",
            "description": ""
        }
    },
    {
        "pk": 16,
        "model": "blasbasen.section",
        "fields": {
            "permissions": [],
            "name": "Luciafestkommitt\u00e9",
            "description": ""
        }
    },
    {
        "pk": 17,
        "model": "blasbasen.section",
        "fields": {
            "permissions": [],
            "name": "Valberedningen",
            "description": ""
        }
    },
    {
        "pk": 18,
        "model": "blasbasen.section",
        "fields": {
            "permissions": [],
            "name": "Andra f\u00f6reningar",
            "description": ""
        }
    },
    {
        "pk": 1,
        "model": "blasbasen.post",
        "fields": {
            "description": "",
            "name": "Trumpet",
            "section": 1,
            "engagement": false,
            "membership": true,
            "permissions": [],
            "show_in_timeline": true
        }
    },
    {
        "pk": 2,
        "model": "blasbasen.post",
        "fields": {
            "description": "",
            "name": "Kornett",
            "section": 1,
            "engagement": false,
            "membership": true,
            "permissions": [],
            "show_in_timeline": true
        }
    },
    {
        "pk": 3,
        "model": "blasbasen.post",
        "fields": {
            "description": "",
            "name": "Basun",
            "section": 2,
            "engagement": false,
            "membership": true,
            "permissions": [],
            "show_in_timeline": true
        }
    },
    {
        "pk": 5,
        "model": "blasbasen.post",
        "fields": {
            "description": "",
            "name": "Rydstomte",
            "section": 4,
            "engagement": true,
            "membership": false,
            "permissions": [],
            "show_in_timeline": false
        }
    },
    {
        "pk": 6,
        "model": "blasbasen.post",
        "fields": {
            "description": "",
            "name": "Dictator",
            "section": 3,
            "engagement": true,
            "membership": false,
            "permissions": [],
            "show_in_timeline": true
        }
    },
    {
        "pk": 7,
        "model": "blasbasen.post",
        "fields": {
            "description": "",
            "name": "Skrivkunig",
            "section": 3,
            "engagement": true,
            "membership": false,
            "permissions": [43, 44, 45, 31, 32, 33, 52, 53, 54, 49, 50, 51, 28, 29, 30, 40, 41, 42, 37, 38, 39, 46, 47, 48, 34, 35, 36],
            "show_in_timeline": true
        }
    },
    {
        "pk": 8,
        "model": "blasbasen.post",
        "fields": {
            "description": "",
            "name": "Dompt\u00f6r",
            "section": 3,
            "engagement": true,
            "membership": false,
            "permissions": [],
            "show_in_timeline": true
        }
    },
    {
        "pk": 9,
        "model": "blasbasen.post",
        "fields": {
            "description": "",
            "name": "Intendent",
            "section": 3,
            "engagement": true,
            "membership": false,
            "permissions": [],
            "show_in_timeline": true
        }
    },
    {
        "pk": 10,
        "model": "blasbasen.post",
        "fields": {
            "description": "",
            "name": "Kronharpa",
            "section": 3,
            "engagement": true,
            "membership": false,
            "permissions": [],
            "show_in_timeline": true
        }
    },
    {
        "pk": 11,
        "model": "blasbasen.post",
        "fields": {
            "description": "",
            "name": "Notpiccolo",
            "section": 3,
            "engagement": true,
            "membership": false,
            "permissions": [],
            "show_in_timeline": true
        }
    },
    {
        "pk": 12,
        "model": "blasbasen.post",
        "fields": {
            "description": "",
            "name": "Yrstyre",
            "section": 3,
            "engagement": true,
            "membership": false,
            "permissions": [],
            "show_in_timeline": true
        }
    },
    {
        "pk": 13,
        "model": "blasbasen.post",
        "fields": {
            "description": "",
            "name": "Styryra",
            "section": 3,
            "engagement": true,
            "membership": false,
            "permissions": [],
            "show_in_timeline": true
        }
    },
    {
        "pk": 14,
        "model": "blasbasen.post",
        "fields": {
            "description": "",
            "name": "Spelraggare",
            "section": 3,
            "engagement": true,
            "membership": false,
            "permissions": [],
            "show_in_timeline": true
        }
    },
    {
        "pk": 15,
        "model": "blasbasen.post",
        "fields": {
            "description": "",
            "name": "Webbslav",
            "section": 4,
            "engagement": true,
            "membership": false,
            "permissions": [1, 2, 3, 7, 8, 9, 4, 5, 6, 43, 44, 45, 31, 32, 33, 52, 53, 54, 49, 50, 51, 28, 29, 30, 40, 41, 42, 37, 38, 39, 46, 47, 48, 34, 35, 36, 76, 77, 78, 84, 85, 86, 79, 80, 81, 83, 82, 87, 88, 89, 90, 91, 92, 93, 94, 95, 73, 74, 75, 99, 100, 101, 102, 103, 104, 96, 97, 98, 70, 71, 72, 10, 11, 12, 117, 118, 119, 114, 115, 116, 120, 121, 122, 123, 124, 125, 126, 127, 128, 129, 130, 131, 132, 133, 134, 135, 136, 137, 111, 112, 113, 138, 139, 140, 105, 106, 107, 141, 142, 143, 58, 59, 60, 61, 62, 63, 55, 56, 57, 64, 65, 66, 22, 23, 24, 25, 26, 27, 108, 109, 110, 144, 145, 146, 147, 148, 149, 13, 14, 15, 16, 17, 18, 19, 20, 21, 67, 68, 69],
            "show_in_timeline": false
        }
    },
    {
        "pk": 16,
        "model": "blasbasen.post",
        "fields": {
            "description": "",
            "name": "Elbas",
            "section": 5,
            "engagement": false,
            "membership": true,
            "permissions": [],
            "show_in_timeline": true
        }
    },
    {
        "pk": 17,
        "model": "blasbasen.post",
        "fields": {
            "description": "",
            "name": "Generalbas",
            "section": 3,
            "engagement": true,
            "membership": false,
            "permissions": [],
            "show_in_timeline": true
        }
    },
    {
        "pk": 18,
        "model": "blasbasen.post",
        "fields": {
            "description": "",
            "name": "Rosenstj\u00e4rt",
            "section": 6,
            "engagement": false,
            "membership": true,
            "permissions": [],
            "show_in_timeline": true
        }
    },
    {
        "pk": 20,
        "model": "blasbasen.post",
        "fields": {
            "description": "",
            "name": "Bl\u00e5srumstomte",
            "section": 4,
            "engagement": true,
            "membership": false,
            "permissions": [],
            "show_in_timeline": true
        }
    },
    {
        "pk": 21,
        "model": "blasbasen.post",
        "fields": {
            "description": "",
            "name": "Medlem",
            "section": 8,
            "engagement": false,
            "membership": false,
            "permissions": [],
            "show_in_timeline": false
        }
    },
    {
        "pk": 22,
        "model": "blasbasen.post",
        "fields": {
            "description": "",
            "name": "Huvudstadga",
            "section": 8,
            "engagement": false,
            "membership": false,
            "permissions": [],
            "show_in_timeline": false
        }
    },
    {
        "pk": 23,
        "model": "blasbasen.post",
        "fields": {
            "description": "",
            "name": "Fl\u00f6jt",
            "section": 9,
            "engagement": false,
            "membership": true,
            "permissions": [],
            "show_in_timeline": true
        }
    },
    {
        "pk": 24,
        "model": "blasbasen.post",
        "fields": {
            "description": "",
            "name": "Piccolofl\u00f6jt",
            "section": 9,
            "engagement": false,
            "membership": true,
            "permissions": [],
            "show_in_timeline": true
        }
    },
    {
        "pk": 25,
        "model": "blasbasen.post",
        "fields": {
            "description": "",
            "name": "Klarinett",
            "section": 10,
            "engagement": false,
            "membership": true,
            "permissions": [],
            "show_in_timeline": true
        }
    },
    {
        "pk": 26,
        "model": "blasbasen.post",
        "fields": {
            "description": "",
            "name": "Altsaxofon",
            "section": 11,
            "engagement": false,
            "membership": true,
            "permissions": [],
            "show_in_timeline": true
        }
    },
    {
        "pk": 27,
        "model": "blasbasen.post",
        "fields": {
            "description": "",
            "name": "Tenorsaxofon",
            "section": 11,
            "engagement": false,
            "membership": true,
            "permissions": [],
            "show_in_timeline": true
        }
    },
    {
        "pk": 28,
        "model": "blasbasen.post",
        "fields": {
            "description": "",
            "name": "Barytonsaxofon",
            "section": 11,
            "engagement": false,
            "membership": true,
            "permissions": [],
            "show_in_timeline": true
        }
    },
    {
        "pk": 29,
        "model": "blasbasen.post",
        "fields": {
            "description": "",
            "name": "Sopransaxofon",
            "section": 11,
            "engagement": false,
            "membership": true,
            "permissions": [],
            "show_in_timeline": true
        }
    },
    {
        "pk": 30,
        "model": "blasbasen.post",
        "fields": {
            "description": "",
            "name": "Althorn",
            "section": 12,
            "engagement": false,
            "membership": true,
            "permissions": [],
            "show_in_timeline": true
        }
    },
    {
        "pk": 31,
        "model": "blasbasen.post",
        "fields": {
            "description": "Om du inte vet vad du ska v\u00e4lja \u00e4r det antagligen detta.",
            "name": "Valthorn",
            "section": 12,
            "engagement": false,
            "membership": true,
            "permissions": [],
            "show_in_timeline": true
        }
    },
    {
        "pk": 32,
        "model": "blasbasen.post",
        "fields": {
            "description": "",
            "name": "Melofon",
            "section": 12,
            "engagement": false,
            "membership": true,
            "permissions": [],
            "show_in_timeline": true
        }
    },
    {
        "pk": 33,
        "model": "blasbasen.post",
        "fields": {
            "description": "",
            "name": "Hedersmedlem",
            "section": 13,
            "engagement": false,
            "membership": false,
            "permissions": [],
            "show_in_timeline": true
        }
    },
    {
        "pk": 34,
        "model": "blasbasen.post",
        "fields": {
            "description": "",
            "name": "Fanb\u00e4rare",
            "section": 13,
            "engagement": false,
            "membership": true,
            "permissions": [],
            "show_in_timeline": true
        }
    },
    {
        "pk": 35,
        "model": "blasbasen.post",
        "fields": {
            "description": "",
            "name": "Fotograf",
            "section": 13,
            "engagement": false,
            "membership": true,
            "permissions": [],
            "show_in_timeline": true
        }
    },
    {
        "pk": 36,
        "model": "blasbasen.post",
        "fields": {
            "description": "",
            "name": "Koreograf",
            "section": 13,
            "engagement": false,
            "membership": true,
            "permissions": [],
            "show_in_timeline": true
        }
    },
    {
        "pk": 37,
        "model": "blasbasen.post",
        "fields": {
            "description": "",
            "name": "Materialf\u00f6rvaltare",
            "section": 13,
            "engagement": false,
            "membership": true,
            "permissions": [],
            "show_in_timeline": true
        }
    },
    {
        "pk": 38,
        "model": "blasbasen.post",
        "fields": {
            "description": "",
            "name": "Skitpratare",
            "section": 13,
            "engagement": false,
            "membership": true,
            "permissions": [],
            "show_in_timeline": true
        }
    },
    {
        "pk": 39,
        "model": "blasbasen.post",
        "fields": {
            "description": "",
            "name": "Barytonhorn",
            "section": 2,
            "engagement": false,
            "membership": true,
            "permissions": [],
            "show_in_timeline": true
        }
    },
    {
        "pk": 40,
        "model": "blasbasen.post",
        "fields": {
            "description": "",
            "name": "Eufonium",
            "section": 2,
            "engagement": false,
            "membership": true,
            "permissions": [],
            "show_in_timeline": true
        }
    },
    {
        "pk": 41,
        "model": "blasbasen.post",
        "fields": {
            "description": "",
            "name": "Ventilbasun",
            "section": 2,
            "engagement": false,
            "membership": true,
            "permissions": [],
            "show_in_timeline": true
        }
    },
    {
        "pk": 45,
        "model": "blasbasen.post",
        "fields": {
            "description": "",
            "name": "Barchef",
            "section": 14,
            "engagement": true,
            "membership": false,
            "permissions": [],
            "show_in_timeline": true
        }
    },
    {
        "pk": 46,
        "model": "blasbasen.post",
        "fields": {
            "description": "",
            "name": "Ordf\u00f6rande",
            "section": 14,
            "engagement": true,
            "membership": false,
            "permissions": [],
            "show_in_timeline": true
        }
    },
    {
        "pk": 47,
        "model": "blasbasen.post",
        "fields": {
            "description": "",
            "name": "Gyckelchef",
            "section": 4,
            "engagement": true,
            "membership": false,
            "permissions": [],
            "show_in_timeline": true
        }
    },
    {
        "pk": 48,
        "model": "blasbasen.post",
        "fields": {
            "description": "",
            "name": "Sektionschef",
            "section": 2,
            "engagement": true,
            "membership": false,
            "permissions": [],
            "show_in_timeline": true
        }
    },
    {
        "pk": 49,
        "model": "blasbasen.post",
        "fields": {
            "description": "",
            "name": "Sektionschef",
            "section": 9,
            "engagement": true,
            "membership": false,
            "permissions": [],
            "show_in_timeline": true
        }
    },
    {
        "pk": 50,
        "model": "blasbasen.post",
        "fields": {
            "description": "",
            "name": "Sektionschef",
            "section": 12,
            "engagement": true,
            "membership": false,
            "permissions": [],
            "show_in_timeline": true
        }
    },
    {
        "pk": 51,
        "model": "blasbasen.post",
        "fields": {
            "description": "",
            "name": "Sektionschef",
            "section": 10,
            "engagement": true,
            "membership": false,
            "permissions": [],
            "show_in_timeline": true
        }
    },
    {
        "pk": 52,
        "model": "blasbasen.post",
        "fields": {
            "description": "",
            "name": "Sektionschef",
            "section": 5,
            "engagement": true,
            "membership": false,
            "permissions": [],
            "show_in_timeline": true
        }
    },
    {
        "pk": 53,
        "model": "blasbasen.post",
        "fields": {
            "description": "",
            "name": "Sektionschef",
            "section": 11,
            "engagement": true,
            "membership": false,
            "permissions": [],
            "show_in_timeline": true
        }
    },
    {
        "pk": 54,
        "model": "blasbasen.post",
        "fields": {
            "description": "",
            "name": "Sektionschef",
            "section": 1,
            "engagement": true,
            "membership": false,
            "permissions": [],
            "show_in_timeline": true
        }
    },
    {
        "pk": 55,
        "model": "blasbasen.post",
        "fields": {
            "description": "",
            "name": "Reiseleiter",
            "section": 15,
            "engagement": true,
            "membership": false,
            "permissions": [],
            "show_in_timeline": true
        }
    },
    {
        "pk": 56,
        "model": "blasbasen.post",
        "fields": {
            "description": "",
            "name": "General",
            "section": 16,
            "engagement": true,
            "membership": false,
            "permissions": [],
            "show_in_timeline": true
        }
    },
    {
        "pk": 57,
        "model": "blasbasen.post",
        "fields": {
            "description": "",
            "name": "\u00d6resharpa",
            "section": 16,
            "engagement": true,
            "membership": false,
            "permissions": [],
            "show_in_timeline": true
        }
    },
    {
        "pk": 58,
        "model": "blasbasen.post",
        "fields": {
            "description": "",
            "name": "Balltv\u00e4ttare",
            "section": 6,
            "engagement": false,
            "membership": true,
            "permissions": [],
            "show_in_timeline": true
        }
    },
    {
        "pk": 59,
        "model": "blasbasen.post",
        "fields": {
            "description": "",
            "name": "Ledamot",
            "section": 17,
            "engagement": true,
            "membership": false,
            "permissions": [],
            "show_in_timeline": true
        }
    },
    {
        "pk": 60,
        "model": "blasbasen.post",
        "fields": {
            "description": "",
            "name": "Suppleant",
            "section": 17,
            "engagement": true,
            "membership": false,
            "permissions": [],
            "show_in_timeline": true
        }
    },
    {
        "pk": 61,
        "model": "blasbasen.post",
        "fields": {
            "description": "",
            "name": "Revisor",
            "section": 13,
            "engagement": true,
            "membership": false,
            "permissions": [],
            "show_in_timeline": true
        }
    },
    {
        "pk": 62,
        "model": "blasbasen.post",
        "fields": {
            "description": "",
            "name": "SOF",
            "section": 18,
            "engagement": false,
            "membership": false,
            "permissions": [],
            "show_in_timeline": true
        }
    },
    {
        "pk": 63,
        "model": "blasbasen.post",
        "fields": {
            "description": "",
            "name": "LiSS",
            "section": 18,
            "engagement": false,
            "membership": false,
            "permissions": [],
            "show_in_timeline": true
        }
    },
    {
        "pk": 64,
        "model": "blasbasen.post",
        "fields": {
            "description": "",
            "name": "Holgerspexet",
            "section": 18,
            "engagement": false,
            "membership": false,
            "permissions": [],
            "show_in_timeline": true
        }
    },
    {
        "pk": 65,
        "model": "blasbasen.post",
        "fields": {
            "description": "",
            "name": "PQ",
            "section": 18,
            "engagement": false,
            "membership": false,
            "permissions": [],
            "show_in_timeline": true
        }
    },
    {
        "pk": 66,
        "model": "blasbasen.post",
        "fields": {
            "description": "",
            "name": "Riks-SMASK",
            "section": 18,
            "engagement": false,
            "membership": false,
            "permissions": [],
            "show_in_timeline": true
        }
    },
    {
        "pk": 67,
        "model": "blasbasen.post",
        "fields": {
            "description": "",
            "name": "K\u00e5rsdraget",
            "section": 18,
            "engagement": false,
            "membership": false,
            "permissions": [],
            "show_in_timeline": true
        }
    },
    {
        "pk": 68,
        "model": "blasbasen.post",
        "fields": {
            "description": "",
            "name": "RAG",
            "section": 18,
            "engagement": false,
            "membership": false,
            "permissions": [],
            "show_in_timeline": true
        }
    },
    {
        "pk": 5,
        "model": "blasbasen.assignment",
        "fields": {
            "person": 2,
            "post": 16,
            "start_date": "1973-04-01",
            "end_date": "1977-09-01",
            "trial": false
        }
    },
    {
        "pk": 6,
        "model": "blasbasen.assignment",
        "fields": {
            "person": 1,
            "post": 1,
            "start_date": "2010-09-19",
            "end_date": "2010-11-07",
            "trial": true
        }
    },
    {
        "pk": 7,
        "model": "blasbasen.assignment",
        "fields": {
            "person": 1,
            "post": 1,
            "start_date": "2010-11-07",
            "end_date": "2011-08-28",
            "trial": false
        }
    },
    {
        "pk": 8,
        "model": "blasbasen.assignment",
        "fields": {
            "person": 1,
            "post": 1,
            "start_date": "2013-09-05",
            "end_date": null,
            "trial": false
        }
    },
    {
        "pk": 9,
        "model": "blasbasen.assignment",
        "fields": {
            "person": 1,
            "post": 8,
            "start_date": "2014-03-22",
            "end_date": null,
            "trial": false
        }
    },
    {
        "pk": 10,
        "model": "blasbasen.assignment",
        "fields": {
            "person": 2,
            "post": 17,
            "start_date": "1973-11-11",
            "end_date": "1975-12-31",
            "trial": false
        }
    },
    {
        "pk": 11,
        "model": "blasbasen.assignment",
        "fields": {
            "person": 3,
            "post": 18,
            "start_date": "2011-12-04",
            "end_date": "2012-01-28",
            "trial": true
        }
    },
    {
        "pk": 12,
        "model": "blasbasen.assignment",
        "fields": {
            "person": 3,
            "post": 18,
            "start_date": "2012-01-28",
            "end_date": null,
            "trial": false
        }
    },
    {
        "pk": 14,
        "model": "blasbasen.assignment",
        "fields": {
            "person": 3,
            "post": 14,
            "start_date": "2013-03-16",
            "end_date": "2014-03-22",
            "trial": false
        }
    },
    {
        "pk": 15,
        "model": "blasbasen.assignment",
        "fields": {
            "person": 3,
            "post": 20,
            "start_date": "2014-02-07",
            "end_date": null,
            "trial": false
        }
    },
    {
        "pk": 16,
        "model": "blasbasen.assignment",
        "fields": {
            "person": 4,
            "post": 3,
            "start_date": "1983-10-01",
            "end_date": "1988-11-01",
            "trial": false
        }
    },
    {
        "pk": 18,
        "model": "blasbasen.assignment",
        "fields": {
            "person": 5,
            "post": 23,
            "start_date": "2012-09-05",
            "end_date": "2012-10-28",
            "trial": true
        }
    },
    {
        "pk": 19,
        "model": "blasbasen.assignment",
        "fields": {
            "person": 5,
            "post": 23,
            "start_date": "2012-10-28",
            "end_date": null,
            "trial": false
        }
    },
    {
        "pk": 21,
        "model": "blasbasen.assignment",
        "fields": {
            "person": 6,
            "post": 62,
            "start_date": "2014-05-05",
            "end_date": null,
            "trial": false
        }
    },
    {
        "pk": 1,
        "model": "blasbasen.specialdiet",
        "fields": {
            "name": "Nykterist"
        }
    },
    {
        "pk": 2,
        "model": "blasbasen.specialdiet",
        "fields": {
            "name": "Vegetarian"
        }
    },
    {
        "pk": 3,
        "model": "blasbasen.specialdiet",
        "fields": {
            "name": "Vegan"
        }
    },
    {
        "pk": 4,
        "model": "blasbasen.specialdiet",
        "fields": {
            "name": "Glutenallergiker"
        }
    },
    {
        "pk": 5,
        "model": "blasbasen.specialdiet",
        "fields": {
            "name": "Laktosintolerant"
        }
    },
    {
        "pk": 6,
        "model": "blasbasen.specialdiet",
        "fields": {
            "name": "N\u00f6tallergiker"
        }
    },
    {
        "pk": 7,
        "model": "blasbasen.specialdiet",
        "fields": {
            "name": "Skaldjursallergiker"
        }
    },
    {
        "pk": 1,
        "model": "blasbasen.card",
        "fields": {
            "card_data": "975226854583905",
            "person": 1,
            "enabled": true,
            "description": "LiU-kort"
        }
    }
]